Model,Accuracy,Precision,Recall,F1-Score
Logistic Regression,0.9421487603305785,0.9321428571428572,0.9190140845070423,0.925531914893617
Random Forest,0.9201101928374655,0.9185185185185185,0.8732394366197183,0.8953068592057761
